{"AUC": 0.9534676480056352, "confusion_matrix": {"_type": "image-file", "sha256": "6a3578ecb90d7db3d34398e4bb98cde45a83f0a9fbb05036e3c882aa6eae688e", "size": 92066, "path": "media/images/confusion_matrix_0_6a3578ecb90d7db3d343.png", "format": "png", "width": 1000, "height": 1000}, "_timestamp": 1703778194.058326, "_runtime": 9.403980016708374, "_step": 0, "_wandb": {"runtime": 8}}